Date/Time,Open,High,Low,Difference %
2025.11.13,154.775,155.018,154.324,0.45
2025.11.12,154.128,155.048,154.022,0.67
2025.11.11,154.143,154.153,153.884,0.17
2025.11.10,153.687,154.249,153.402,0.55
2025.11.07,153.054,153.595,152.817,0.51
2025.11.06,154.113,154.140,152.831,0.85
2025.11.05,153.665,154.356,152.957,0.91
2025.11.04,154.208,154.482,153.314,0.76
2025.11.03,153.939,154.296,153.899,0.26
2025.10.31,154.117,154.412,153.652,0.49
2025.10.30,152.715,154.444,152.162,1.49
2025.10.29,152.101,153.059,151.537,1.00
2025.10.28,152.869,152.869,151.758,0.73
2025.10.27,152.805,153.255,152.565,0.45
2025.10.24,152.542,153.061,152.251,0.53
2025.10.23,151.967,152.797,151.821,0.64
2025.10.22,151.924,152.045,151.487,0.37
2025.10.21,150.730,152.174,150.469,1.13
2025.10.20,150.353,151.200,150.273,0.62
2025.10.17,150.419,150.636,149.378,0.84
2025.10.16,151.043,151.397,150.212,0.78
2025.10.15,151.830,151.870,150.900,0.64
2025.10.14,152.264,152.612,151.604,0.66
2025.10.13,151.822,152.448,151.721,0.48
2025.10.10,153.001,153.272,151.119,1.41
2025.10.09,152.677,153.231,152.108,0.74
2025.10.08,151.893,152.998,151.737,0.83
2025.10.07,150.342,152.043,150.189,1.23
2025.10.06,149.491,150.475,149.044,0.96
2025.10.03,147.222,147.814,147.067,0.51
2025.10.02,147.044,147.514,146.599,0.62
2025.10.01,147.841,148.226,146.587,1.11
2025.09.30,148.583,148.845,147.649,0.80
2025.09.29,149.399,149.513,148.469,0.70
2025.09.26,149.784,149.955,149.404,0.37
2025.09.25,148.892,149.928,148.558,0.92
2025.09.24,147.615,148.915,147.505,0.96
2025.09.23,147.702,147.926,147.459,0.32
2025.09.22,147.867,148.376,147.658,0.49
2025.09.19,147.991,148.281,147.197,0.73
2025.09.18,146.941,148.267,146.768,1.02
2025.09.17,146.473,147.048,145.481,1.07
2025.09.16,147.378,147.538,146.277,0.86
2025.09.15,147.403,147.776,147.232,0.37
2025.09.12,147.200,148.072,147.021,0.71
2025.09.11,147.454,148.179,146.985,0.81
2025.09.10,147.404,147.647,147.084,0.38
2025.09.09,147.476,147.524,146.309,0.82
2025.09.08,148.088,148.576,147.340,0.83
2025.09.05,148.479,148.513,146.816,1.14
2025.09.04,148.070,148.777,147.789,0.67
2025.09.03,148.352,149.136,147.880,0.85
2025.09.02,147.169,148.939,147.030,1.30
2025.09.01,147.040,147.378,146.785,0.40
2025.08.29,146.907,147.408,146.745,0.45
2025.08.28,147.343,147.489,146.660,0.56
2025.08.27,147.359,148.183,147.235,0.64
2025.08.26,147.764,147.907,146.984,0.62
2025.08.25,146.829,147.936,146.758,0.80
2025.08.22,148.364,148.777,146.572,1.49
2025.08.21,147.315,148.405,147.199,0.82
2025.08.20,147.662,147.813,146.870,0.64
2025.08.19,147.870,148.112,147.446,0.45
2025.08.18,147.152,147.984,147.080,0.61
2025.08.15,147.750,147.866,146.736,0.76
2025.08.14,147.361,147.962,146.213,1.19
2025.08.13,147.838,148.168,147.087,0.73
2025.08.12,148.141,148.517,147.577,0.63
2025.08.11,147.470,148.250,147.349,0.61
2025.08.08,147.109,147.901,146.718,0.80
2025.08.07,147.360,147.711,146.691,0.69
2025.08.06,147.601,147.885,146.974,0.62
2025.08.05,147.074,147.834,146.617,0.83
2025.08.04,147.240,148.087,146.864,0.83
2025.08.01,150.721,150.916,147.290,2.41
2025.07.31,149.478,150.837,148.585,1.51
2025.07.30,148.410,149.532,147.802,1.17
2025.07.29,148.421,148.806,148.156,0.44
2025.07.28,147.694,148.575,147.518,0.72
2025.07.25,146.993,147.939,146.808,0.77
2025.07.24,146.461,147.023,145.853,0.80
2025.07.23,146.583,147.215,146.107,0.76
2025.07.22,147.275,147.947,146.309,1.11
2025.07.21,147.902,148.662,147.084,1.07
2025.07.18,148.446,148.882,148.185,0.47
2025.07.17,147.702,149.087,147.701,0.94
2025.07.16,148.859,149.184,146.908,1.53
2025.07.15,147.689,149.019,147.552,0.99
2025.07.14,147.135,147.778,146.849,0.63
2025.07.11,146.240,147.520,146.136,0.95
2025.07.10,146.308,146.786,145.753,0.71
2025.07.09,146.542,147.182,146.251,0.64
2025.07.08,146.012,146.976,145.830,0.78
2025.07.07,144.376,146.239,144.223,1.40
2025.07.04,144.915,144.967,144.181,0.54
2025.07.03,143.602,145.232,143.443,1.25
2025.07.02,143.366,144.244,143.319,0.65
2025.07.01,143.998,144.046,142.679,0.95
2025.06.30,144.300,144.762,143.779,0.68
2025.06.27,144.357,144.945,144.176,0.53
2025.06.26,145.163,145.261,143.750,1.04
2025.06.25,144.887,145.949,144.606,0.93
2025.06.24,146.000,146.172,144.512,1.14
2025.06.23,146.671,148.025,146.009,1.37
2025.06.20,145.301,146.214,145.120,0.75
2025.06.19,145.110,145.770,144.734,0.71
2025.06.18,145.107,145.440,144.327,0.77
2025.06.17,144.706,145.380,144.383,0.69
2025.06.16,143.946,144.875,143.651,0.85
2025.06.13,143.459,144.481,142.790,1.18
2025.06.12,144.525,144.542,143.183,0.94
2025.06.11,144.809,145.463,144.321,0.79
2025.06.10,144.518,145.287,144.402,0.61
2025.06.09,144.807,144.947,143.974,0.67
2025.06.06,143.579,145.086,143.308,1.24
2025.06.05,142.731,143.975,142.530,1.01
2025.06.04,143.820,144.392,142.603,1.24
2025.06.03,142.672,144.107,142.378,1.21
2025.06.02,143.795,143.986,142.538,1.01
2025.05.30,144.180,144.442,143.437,0.70
2025.05.29,144.795,146.285,143.959,1.61
2025.05.28,144.313,145.076,143.851,0.85
2025.05.27,142.831,144.460,142.112,1.64
2025.05.26,142.441,143.080,142.225,0.60
2025.05.23,143.997,144.081,142.422,1.15
2025.05.22,143.661,144.398,142.802,1.11
2025.05.21,144.493,144.567,143.282,0.89
2025.05.20,144.840,145.512,144.089,0.98
2025.05.19,145.284,145.447,144.660,0.54
2025.05.16,145.644,146.097,144.920,0.81
2025.05.15,146.739,146.749,145.409,0.91
2025.05.14,147.470,147.670,145.601,1.40
2025.05.13,148.449,148.456,147.373,0.73
2025.05.12,146.213,148.651,145.698,2.02
2025.05.09,145.900,146.185,144.823,0.93
2025.05.08,143.797,146.176,143.443,1.90
2025.05.07,142.456,143.997,142.354,1.15
2025.05.06,143.683,144.275,142.353,1.34
2025.05.05,144.662,144.989,143.539,1.00
2025.05.02,145.339,145.924,143.727,1.51
2025.05.01,142.907,145.734,142.878,2.00
2025.04.30,142.244,143.188,142.131,0.74
2025.04.29,141.968,142.756,141.938,0.58
2025.04.28,143.539,143.893,141.954,1.35
2025.04.25,142.578,144.029,142.531,1.05
2025.04.24,143.442,143.442,142.276,0.81
2025.04.23,141.519,143.571,141.452,1.50
2025.04.22,140.779,141.667,139.885,1.27
2025.04.21,142.065,142.129,140.467,1.17
2025.04.18,142.357,142.470,142.091,0.27
2025.04.17,141.837,143.087,141.611,1.04
2025.04.16,143.036,143.278,141.641,1.14
2025.04.15,142.897,143.592,142.596,0.70
2025.04.14,143.876,144.080,142.227,1.29
2025.04.11,144.423,144.664,142.060,1.80
2025.04.10,147.492,147.710,144.004,2.51
2025.04.09,146.215,148.277,143.992,2.93
2025.04.08,147.804,148.118,145.962,1.46
2025.04.07,145.475,148.147,144.813,2.29
2025.04.04,146.055,147.429,144.550,1.97
2025.04.03,149.216,149.253,145.183,2.73
2025.04.02,149.592,150.484,149.100,0.93
2025.04.01,149.949,150.140,148.970,0.78
2025.03.31,149.721,150.264,148.698,1.05
2025.03.28,151.031,151.208,149.682,1.01
2025.03.27,150.559,151.156,150.058,0.73
2025.03.26,149.895,150.743,149.838,0.60
2025.03.25,150.688,150.942,149.546,0.93
2025.03.24,149.329,150.754,149.329,0.95
2025.03.21,148.764,149.660,148.585,0.72
2025.03.20,148.674,148.959,148.178,0.53
2025.03.19,149.251,150.146,148.604,1.03
2025.03.18,149.193,149.934,149.088,0.57
2025.03.17,148.753,149.283,148.260,0.69
2025.03.14,147.801,149.020,147.689,0.90
2025.03.13,148.224,148.370,147.411,0.65
2025.03.12,147.757,149.194,147.496,1.15
2025.03.11,147.252,148.118,146.538,1.07
2025.03.10,147.908,147.946,146.628,0.89
2025.03.07,147.970,148.198,146.944,0.85
2025.03.06,148.874,149.331,147.308,1.36
2025.03.05,149.644,150.182,148.392,1.20
2025.03.04,149.487,149.873,148.096,1.19
2025.03.03,150.644,151.301,149.097,1.46
2025.02.28,149.801,150.987,149.098,1.26
2025.02.27,149.045,150.161,148.742,0.95
2025.02.26,149.023,149.884,148.618,0.85
2025.02.25,149.709,150.298,148.562,1.16
2025.02.24,149.175,149.871,148.841,0.69
2025.02.21,149.633,150.732,148.922,1.21
2025.02.20,151.455,151.455,149.397,1.36
2025.02.19,152.049,152.306,151.243,0.70
2025.02.18,151.485,152.219,151.230,0.65
2025.02.17,152.200,152.391,151.336,0.69
2025.02.14,152.775,153.151,152.023,0.74
2025.02.13,154.384,154.664,152.698,1.27
2025.02.12,152.354,154.801,152.353,1.61
2025.02.11,151.984,152.603,151.647,0.63
2025.02.10,151.198,152.536,151.156,0.91
2025.02.07,151.322,152.421,150.927,0.99
2025.02.06,152.592,152.897,151.235,1.09
2025.02.05,154.325,154.458,152.109,1.52
2025.02.04,154.677,155.521,154.171,0.87
2025.02.03,154.771,155.882,154.004,1.21
2025.01.31,154.276,155.217,153.910,0.85
2025.01.30,155.183,155.233,153.788,0.93
2025.01.29,155.490,155.787,154.937,0.55
2025.01.28,154.490,155.976,154.442,0.99
2025.01.27,155.675,156.244,153.710,1.63
2025.01.24,156.020,156.575,154.837,1.11
2025.01.23,156.410,156.751,155.742,0.65
2025.01.22,155.397,156.706,155.350,0.87
2025.01.21,155.449,156.232,154.772,0.94
2025.01.20,156.187,156.580,155.415,0.75
2025.01.17,155.125,156.372,154.977,0.90
2025.01.16,156.421,156.528,155.096,0.92
2025.01.15,157.900,158.082,155.935,1.36
2025.01.14,157.458,158.195,157.032,0.74
2025.01.13,157.596,157.964,156.910,0.67
2025.01.10,158.040,158.877,157.222,1.05
2025.01.09,158.326,158.393,157.574,0.52
2025.01.08,158.010,158.550,157.898,0.41
2025.01.07,157.514,158.423,157.362,0.67
2025.01.06,157.180,157.959,156.240,1.09
2025.01.03,157.438,157.561,156.870,0.44
2025.01.02,157.151,157.849,156.435,0.90
2024.12.31,156.807,157.546,156.020,0.97
2024.12.30,157.679,158.071,156.669,0.89
2024.12.27,157.931,157.948,157.350,0.38
2024.12.26,157.176,158.083,157.069,0.65
2024.12.25,156.998,157.346,156.929,0.27
2024.12.24,157.038,157.393,156.887,0.32
2024.12.23,156.249,157.266,156.238,0.66
2024.12.20,157.415,157.924,155.951,1.25
2024.12.19,154.741,157.804,154.433,2.18
2024.12.18,153.271,154.864,153.271,1.04
2024.12.17,154.072,154.342,153.159,0.77
2024.12.16,153.573,154.476,153.322,0.75
2024.12.13,152.603,153.798,152.452,0.88
2024.12.12,152.412,152.771,151.798,0.64
2024.12.11,151.920,152.856,151.004,1.22
2024.12.10,151.130,152.180,150.894,0.85
2024.12.09,149.864,151.347,149.689,1.11
2024.12.06,150.012,150.698,149.360,0.89
2024.12.05,150.525,150.774,149.654,0.74
2024.12.04,149.571,151.228,149.520,1.14
2024.12.03,149.573,150.234,148.646,1.06
2024.12.02,149.514,150.747,149.077,1.12
2024.11.29,151.517,151.540,149.464,1.37
2024.11.28,151.056,151.948,150.855,0.72
2024.11.27,153.042,153.230,150.453,1.81
2024.11.26,154.182,154.485,152.987,0.97
2024.11.25,154.117,154.722,153.548,0.76
2024.11.22,154.520,155.022,153.963,0.69
2024.11.21,155.288,155.395,153.905,0.96
2024.11.20,154.647,155.886,154.525,0.88
2024.11.19,154.645,154.797,153.279,0.98
2024.11.18,154.349,155.356,153.838,0.98
2024.11.15,156.238,156.746,153.858,1.85
2024.11.14,155.424,156.415,155.259,0.74
2024.11.13,154.593,155.622,154.338,0.83
2024.11.12,153.701,154.923,153.403,0.99
2024.11.11,152.631,153.952,152.602,0.88
2024.11.08,152.918,153.366,152.139,0.80
2024.11.07,154.613,154.708,152.689,1.31
2024.11.06,151.609,154.697,151.283,2.25
2024.11.05,152.121,152.543,151.334,0.79
2024.11.04,152.260,152.551,151.531,0.67
2024.11.01,152.019,153.093,151.788,0.86
2024.10.31,153.398,153.611,151.833,1.16
2024.10.30,153.344,153.490,152.778,0.46
2024.10.29,153.271,153.865,152.754,0.72
2024.10.28,153.176,153.879,152.407,0.96
2024.10.25,151.798,152.378,151.452,0.61
2024.10.24,152.744,152.827,151.552,0.83
2024.10.23,151.063,153.185,150.953,1.48
2024.10.22,150.829,151.194,150.494,0.46
2024.10.21,149.439,150.884,149.086,1.20
2024.10.18,150.199,150.284,149.363,0.61
2024.10.17,149.619,150.321,149.240,0.72
2024.10.16,149.185,149.805,148.861,0.63
2024.10.15,149.746,149.837,148.848,0.66
2024.10.14,149.029,149.981,148.987,0.67
2024.10.11,148.555,149.282,148.401,0.59
2024.10.10,149.284,149.565,148.226,0.90
2024.10.09,148.179,149.365,148.010,0.91
2024.10.08,148.168,148.382,147.343,0.70
2024.10.07,148.653,149.125,147.830,0.87
2024.10.04,146.915,149.004,145.918,2.10
2024.10.03,146.447,147.239,146.282,0.65
2024.10.02,143.538,146.516,143.421,2.16
2024.10.01,143.615,144.529,142.969,1.09
2024.09.30,142.129,143.915,141.642,1.60
2024.09.27,144.775,146.491,142.066,3.06
2024.09.26,144.739,145.212,144.109,0.76
2024.09.25,143.207,144.841,142.887,1.36
2024.09.24,143.592,144.679,143.111,1.09
2024.09.23,143.754,144.459,143.162,0.90
2024.09.20,142.605,144.495,141.736,1.93
2024.09.19,142.261,143.944,141.876,1.45
2024.09.18,142.390,142.711,140.435,1.60
2024.09.17,140.593,142.464,140.320,1.52
2024.09.16,140.704,140.912,139.576,0.95
2024.09.13,141.791,141.874,140.281,1.12
2024.09.12,142.337,143.044,141.722,0.93
2024.09.11,142.401,142.546,140.707,1.29
2024.09.10,143.147,143.708,142.192,1.06
2024.09.09,142.172,143.795,141.948,1.30
2024.09.06,143.422,144.041,141.762,1.59
2024.09.05,143.721,144.228,142.847,0.96
2024.09.04,145.446,145.556,143.708,1.27
2024.09.03,146.852,147.207,145.097,1.44
2024.09.02,145.971,147.172,145.773,0.96
2024.08.30,144.942,146.246,144.653,1.10
2024.08.29,144.573,145.553,144.218,0.92
2024.08.28,143.926,145.036,143.679,0.94
2024.08.27,144.508,145.175,143.916,0.87
2024.08.26,144.227,144.652,143.444,0.84
2024.08.23,146.257,146.481,144.047,1.66
2024.08.22,145.224,146.525,144.843,1.16
2024.08.21,145.235,146.889,144.450,1.68
2024.08.20,146.576,147.345,145.198,1.46
2024.08.19,147.555,148.051,145.182,1.94
2024.08.16,149.267,149.330,147.569,1.18
2024.08.15,147.308,149.396,147.053,1.59
2024.08.14,146.812,147.578,146.068,1.03
2024.08.13,147.176,147.945,146.596,0.92
2024.08.12,146.484,148.222,146.468,1.20
2024.08.09,147.174,147.813,146.267,1.05
2024.08.08,146.653,147.542,145.426,1.44
2024.08.07,144.296,147.897,144.153,2.59
2024.08.06,144.129,146.365,143.619,1.91
2024.08.05,146.441,146.563,141.676,3.34
2024.08.02,149.355,149.772,146.417,2.25
2024.08.01,149.941,150.890,148.508,1.59
2024.07.31,152.698,153.894,149.606,2.81
2024.07.30,154.010,155.213,152.645,1.67
2024.07.29,153.652,154.351,153.014,0.87
2024.07.26,153.907,154.737,153.096,1.07
2024.07.25,153.848,154.318,151.941,1.55
2024.07.24,155.552,155.990,153.105,1.85
2024.07.23,157.001,157.101,155.546,0.99
2024.07.22,157.423,157.610,156.284,0.84
2024.07.19,157.356,157.862,156.952,0.58
2024.07.18,156.169,157.397,155.370,1.30
2024.07.17,158.307,158.624,156.059,1.62
2024.07.16,157.989,158.854,157.952,0.57
2024.07.15,158.068,158.419,157.163,0.79
2024.07.12,158.808,159.445,157.359,1.31
2024.07.11,161.664,161.758,157.409,2.69
2024.07.10,161.276,161.804,161.244,0.35
2024.07.09,160.796,161.515,160.728,0.49
2024.07.08,160.721,161.117,160.260,0.53
2024.07.05,161.225,161.395,160.330,0.66
2024.07.04,161.647,161.673,160.946,0.45
2024.07.03,161.411,161.949,160.768,0.73
2024.07.02,161.421,161.742,161.266,0.29
2024.07.01,160.811,161.728,160.683,0.65
2024.06.28,160.724,161.282,160.261,0.64
2024.06.27,160.789,160.822,160.280,0.34
2024.06.26,159.652,160.865,159.607,0.79
2024.06.25,159.516,159.756,159.186,0.36
2024.06.24,159.751,159.927,158.740,0.74
2024.06.21,158.893,159.835,158.669,0.73
2024.06.20,158.071,158.934,157.773,0.73
2024.06.19,157.834,158.131,157.602,0.34
2024.06.18,157.708,158.229,157.515,0.45
2024.06.17,157.253,157.959,157.155,0.51
2024.06.14,156.972,158.255,156.795,0.93
2024.06.13,156.680,157.311,156.552,0.48
2024.06.12,157.077,157.370,155.716,1.05
2024.06.11,157.001,157.402,156.803,0.38
2024.06.10,156.717,157.193,156.564,0.40
2024.06.07,155.580,157.076,155.119,1.26
2024.06.06,156.079,156.445,155.354,0.70
2024.06.05,154.852,156.485,154.769,1.11
2024.06.04,156.038,156.484,154.548,1.24
2024.06.03,157.124,157.470,155.948,0.97
2024.05.31,156.778,157.364,156.557,0.51
2024.05.30,157.607,157.667,156.370,0.82
2024.05.29,157.138,157.707,156.894,0.52
2024.05.28,156.830,157.198,156.579,0.39
2024.05.27,156.806,156.956,156.661,0.19
2024.05.24,156.879,157.145,156.820,0.21
2024.05.23,156.769,157.194,156.528,0.42
2024.05.22,156.147,156.840,156.070,0.49
2024.05.21,156.234,156.545,155.841,0.45
2024.05.20,155.534,156.301,155.493,0.52
2024.05.17,155.363,155.977,155.247,0.47
2024.05.16,154.862,155.532,153.598,1.25
2024.05.15,156.403,156.560,154.690,1.20
2024.05.14,156.195,156.783,156.088,0.44
2024.05.13,155.629,156.247,155.502,0.48
2024.05.10,155.434,155.903,155.264,0.41
2024.05.09,155.467,155.951,155.152,0.51
2024.05.08,154.669,155.683,154.496,0.77
2024.05.07,153.886,154.746,153.843,0.59
2024.05.06,152.886,154.005,152.764,0.81
2024.05.03,153.538,153.767,151.857,1.24
2024.05.02,154.500,156.283,153.056,2.09
2024.05.01,157.782,157.985,152.989,3.17
2024.04.30,156.322,157.842,156.057,1.14
2024.04.29,157.806,160.203,154.523,3.60
2024.04.26,155.635,158.439,154.965,2.23
2024.04.25,155.330,155.747,155.195,0.36
2024.04.24,154.820,155.372,154.729,0.42
2024.04.23,154.830,154.875,154.550,0.21
2024.04.22,154.547,154.848,154.387,0.30
2024.04.19,154.628,154.672,153.586,0.70
2024.04.18,154.365,154.679,153.956,0.47
2024.04.17,154.690,154.733,154.157,0.37
2024.04.16,154.260,154.784,153.898,0.57
2024.04.15,153.034,154.445,152.966,0.97
2024.04.12,153.247,153.383,152.590,0.52
2024.04.11,153.144,153.318,152.759,0.37
2024.04.10,151.727,153.238,151.680,1.03
2024.04.09,151.772,151.935,151.568,0.24
2024.04.08,151.569,151.941,151.540,0.26
2024.04.05,151.326,151.750,150.810,0.62
2024.04.04,151.677,151.770,151.119,0.43
2024.04.03,151.539,151.953,151.439,0.34
2024.04.02,151.631,151.801,151.461,0.22
2024.04.01,151.246,151.771,151.219,0.36
2024.03.29,151.375,151.496,151.167,0.22
2024.03.28,151.310,151.544,151.149,0.26
2024.03.27,151.550,151.970,151.025,0.62
2024.03.26,151.402,151.602,151.206,0.26
2024.03.25,151.305,151.544,151.052,0.33
2024.03.22,151.601,151.862,151.003,0.57
2024.03.21,151.243,151.752,150.263,0.98
2024.03.20,150.848,151.816,150.715,0.73
2024.03.19,149.140,150.962,149.001,1.31
2024.03.18,148.944,149.328,148.907,0.28
2024.03.15,148.312,149.163,148.030,0.76
2024.03.14,147.747,148.355,147.430,0.63
2024.03.13,147.636,148.045,147.232,0.55
2024.03.12,146.932,148.161,146.619,1.05
2024.03.11,146.915,147.144,146.483,0.45
2024.03.08,148.037,148.117,146.481,1.11
2024.03.07,149.349,149.364,147.582,1.19
2024.03.06,150.033,150.084,149.094,0.66
2024.03.05,150.518,150.545,149.701,0.56
2024.03.04,149.944,150.568,149.837,0.49
2024.03.01,149.963,150.720,149.909,0.54
2024.02.29,150.679,150.679,149.208,0.98
2024.02.28,150.495,150.842,150.373,0.31
2024.02.27,150.684,150.703,150.073,0.42
2024.02.26,150.460,150.837,150.292,0.36
2024.02.23,150.517,150.767,150.292,0.32
2024.02.22,150.295,150.688,150.015,0.45
2024.02.21,149.994,150.391,149.851,0.36
2024.02.20,150.077,150.437,149.683,0.50
2024.02.19,150.078,150.195,149.871,0.22
2024.02.16,149.904,150.645,149.823,0.55
2024.02.15,150.535,150.566,149.523,0.69
2024.02.14,150.764,150.782,150.343,0.29
2024.02.13,149.332,150.883,149.224,1.11
2024.02.12,149.213,149.478,148.926,0.37
2024.02.09,149.298,149.575,149.005,0.38
2024.02.08,148.171,149.477,147.930,1.04
2024.02.07,147.934,148.257,147.618,0.43
2024.02.06,148.667,148.787,147.815,0.65
2024.02.05,148.381,148.892,148.266,0.42
2024.02.02,146.407,148.583,146.240,1.60
2024.02.01,146.858,147.114,145.896,0.83
2024.01.31,147.592,147.898,146.007,1.28
2024.01.30,147.487,147.926,147.096,0.56
2024.01.29,148.087,148.333,147.250,0.73
2024.01.26,147.648,148.209,147.393,0.55
2024.01.25,147.493,147.936,147.081,0.58
2024.01.24,148.303,148.391,146.648,1.18
2024.01.23,148.082,148.694,146.975,1.16
2024.01.22,148.207,148.302,147.615,0.46
2024.01.19,148.144,148.802,147.838,0.65
2024.01.18,148.142,148.299,147.654,0.44
2024.01.17,147.173,148.524,147.048,1.00
2024.01.16,145.715,147.310,145.583,1.19
2024.01.15,144.780,145.941,144.780,0.80
2024.01.12,145.266,145.566,144.354,0.83
2024.01.11,145.742,146.414,144.968,0.99
2024.01.10,144.453,145.828,144.314,1.05
2024.01.09,144.223,144.623,143.419,0.83
2024.01.08,144.453,144.917,143.661,0.87
2024.01.05,144.621,145.976,143.806,1.50
2024.01.04,143.277,144.850,142.853,1.39
2024.01.03,141.971,143.731,141.856,1.32
2024.01.02,140.843,142.216,140.811,1.00
2023.12.29,141.316,141.912,140.797,0.79
2023.12.28,141.812,141.816,140.248,1.11
2023.12.27,142.387,142.848,141.550,0.91
2023.12.26,142.204,142.633,142.090,0.38
2023.12.25,142.260,142.479,142.101,0.27
2023.12.22,142.102,142.662,141.864,0.56
2023.12.21,143.555,143.567,142.042,1.06
2023.12.20,143.820,144.095,143.260,0.58
2023.12.19,142.737,144.954,142.244,1.90
2023.12.18,142.038,143.156,142.024,0.80
2023.12.15,141.843,142.464,141.428,0.73
2023.12.14,142.870,142.908,140.956,1.37
2023.12.13,145.440,145.993,142.634,2.31
2023.12.12,146.144,146.181,144.731,0.99
2023.12.11,144.889,146.588,144.808,1.23
2023.12.08,144.086,145.214,142.497,1.89
2023.12.07,147.298,147.300,141.615,3.86
2023.12.06,147.136,147.497,146.893,0.41
2023.12.05,147.197,147.388,146.558,0.56
2023.12.04,146.667,147.451,146.223,0.84
2023.12.01,148.168,148.345,146.659,1.14
2023.11.30,147.226,148.520,146.840,1.14
2023.11.29,147.464,147.853,146.670,0.80
2023.11.28,148.666,148.829,147.322,1.01
2023.11.27,149.391,149.674,148.547,0.75
2023.11.24,149.491,149.711,149.196,0.34
2023.11.23,149.524,149.691,148.887,0.54
2023.11.22,148.364,149.747,148.017,1.17
2023.11.21,148.356,148.594,147.149,0.97
2023.11.20,149.575,149.988,148.100,1.26
2023.11.17,150.703,150.774,149.196,1.05
2023.11.16,151.311,151.429,150.285,0.76
2023.11.15,150.358,151.420,150.047,0.91
2023.11.14,151.704,151.782,150.154,1.07
2023.11.13,151.420,151.907,151.202,0.47
2023.11.10,151.333,151.600,151.220,0.25
2023.11.09,150.953,151.386,150.768,0.41
2023.11.08,150.307,151.056,150.298,0.50
2023.11.07,150.057,150.691,149.914,0.52
2023.11.06,149.319,150.080,149.311,0.52
2023.11.03,150.391,150.517,149.181,0.89
2023.11.02,150.932,150.954,149.843,0.74
2023.11.01,151.583,151.674,150.660,0.67
2023.10.31,149.050,151.716,149.014,1.81
2023.10.30,149.470,149.853,148.804,0.70
2023.10.27,150.350,150.411,149.459,0.63
2023.10.26,150.182,150.776,149.830,0.63
2023.10.25,149.889,150.315,149.793,0.35
2023.10.24,149.693,149.929,149.320,0.41
2023.10.23,149.839,149.989,149.554,0.29
2023.10.20,149.771,149.992,149.639,0.24
2023.10.19,149.903,149.959,149.663,0.20
2023.10.18,149.788,149.936,149.481,0.30
2023.10.17,149.495,149.850,148.739,0.74
2023.10.16,149.341,149.764,149.337,0.29
2023.10.13,149.794,149.827,149.451,0.25
2023.10.12,149.152,149.827,148.952,0.59
2023.10.11,148.692,149.323,148.422,0.61
2023.10.10,148.487,149.097,148.161,0.63
2023.10.09,149.062,149.239,148.435,0.54
2023.10.06,148.500,149.535,148.358,0.79
2023.10.05,149.107,149.116,148.257,0.58
2023.10.04,148.962,149.317,148.733,0.39
2023.10.03,149.837,150.159,147.277,1.92
2023.10.02,149.606,149.876,149.429,0.30
2023.09.29,149.297,149.500,148.525,0.65
2023.09.28,149.609,149.609,149.143,0.31
2023.09.27,149.042,149.708,148.860,0.57
2023.09.26,148.872,149.185,148.701,0.33
2023.09.25,148.207,148.961,148.207,0.51
2023.09.22,147.562,148.418,147.502,0.62
2023.09.21,148.332,148.457,147.319,0.77
2023.09.20,147.823,148.356,147.472,0.60
2023.09.19,147.577,147.920,147.503,0.28
2023.09.18,147.674,147.877,147.555,0.22
2023.09.15,147.456,147.950,147.336,0.42
2023.09.14,147.445,147.564,147.016,0.37
2023.09.13,147.058,147.745,147.016,0.50
2023.09.12,146.569,147.233,146.436,0.54
2023.09.11,146.981,147.271,145.900,0.93
2023.09.08,147.279,147.870,146.584,0.87
2023.09.07,147.637,147.872,147.042,0.56
2023.09.06,147.718,147.816,147.016,0.54
2023.09.05,146.448,147.801,146.365,0.98
2023.09.04,146.170,146.495,146.022,0.32
2023.09.01,145.519,146.292,144.441,1.27
2023.08.31,146.218,146.227,145.348,0.60
2023.08.30,145.867,146.535,145.558,0.67
2023.08.29,146.521,147.374,145.667,1.17
2023.08.28,146.394,146.742,146.271,0.32
2023.08.25,145.827,146.634,145.719,0.63
2023.08.24,144.801,145.957,144.600,0.94
2023.08.23,145.876,145.877,144.538,0.92
2023.08.22,146.197,146.397,145.494,0.62
2023.08.21,145.259,146.402,145.142,0.87
2023.08.18,145.813,145.869,144.927,0.65
2023.08.17,146.331,146.559,145.617,0.64
2023.08.16,145.551,146.405,145.306,0.76
2023.08.15,145.549,145.864,145.103,0.52
2023.08.14,144.805,145.577,144.650,0.64
2023.08.11,144.711,144.999,144.417,0.40
2023.08.10,143.712,144.814,143.281,1.07
2023.08.09,143.361,143.747,142.998,0.52
2023.08.08,142.477,143.492,142.397,0.77
2023.08.07,141.666,142.583,141.511,0.76
2023.08.04,142.495,142.903,141.549,0.95
2023.08.03,143.324,143.888,142.062,1.27
2023.08.02,143.325,143.475,142.230,0.87
2023.08.01,142.262,143.543,142.204,0.94
2023.07.31,140.921,142.689,140.689,1.42
2023.07.28,139.443,141.179,138.061,2.24
2023.07.27,140.221,141.320,138.765,1.82
2023.07.26,140.862,141.184,139.923,0.90
2023.07.25,141.423,141.735,140.852,0.62
2023.07.24,141.554,141.811,140.739,0.76
2023.07.21,140.056,141.952,139.747,1.57
2023.07.20,139.587,140.497,139.107,1.00
2023.07.19,138.813,139.992,138.762,0.89
2023.07.18,138.715,139.134,137.679,1.05
2023.07.17,138.599,139.405,137.996,1.02
2023.07.14,138.042,139.156,137.237,1.39
2023.07.13,138.458,138.953,137.923,0.74
2023.07.12,140.355,140.383,138.156,1.59
2023.07.11,141.306,141.459,140.158,0.92
2023.07.10,142.091,143.005,141.276,1.22
2023.07.07,144.056,144.196,142.069,1.48
2023.07.06,144.647,144.651,143.552,0.76
2023.07.05,144.439,144.734,144.077,0.45
2023.07.04,144.644,144.700,144.205,0.34
2023.07.03,144.220,144.912,143.984,0.64
2023.06.30,144.754,145.067,144.200,0.60
2023.06.29,144.470,144.897,144.133,0.53
2023.06.28,144.069,144.615,143.728,0.62
2023.06.27,143.492,144.174,143.281,0.62
2023.06.26,143.506,143.718,142.935,0.55
2023.06.23,143.106,143.871,142.685,0.83
2023.06.22,141.862,143.225,141.609,1.14
2023.06.21,141.440,142.368,141.280,0.77
2023.06.20,141.960,142.252,141.212,0.73
2023.06.19,141.675,142.001,141.441,0.40
2023.06.16,140.252,141.911,139.850,1.47
2023.06.15,140.027,141.503,139.940,1.12
2023.06.14,140.207,140.281,139.281,0.71
2023.06.13,139.589,140.306,139.010,0.93
2023.06.12,139.271,139.765,139.062,0.50
2023.06.09,138.918,139.723,138.757,0.70
2023.06.08,140.082,140.225,138.806,1.01
2023.06.07,139.621,140.245,139.022,0.88
2023.06.06,139.574,139.992,139.095,0.64
2023.06.05,139.947,140.453,139.248,0.86
2023.06.02,138.780,140.070,138.603,1.06
2023.06.01,139.324,139.947,138.430,1.09
2023.05.31,139.761,140.391,139.231,0.83
2023.05.30,140.415,140.932,139.570,0.97
2023.05.29,140.568,140.917,140.112,0.57
2023.05.26,140.020,140.724,139.492,0.88
2023.05.25,139.446,140.228,138.812,1.02
2023.05.24,138.574,139.477,138.231,0.90
2023.05.23,138.584,138.909,138.240,0.48
2023.05.22,137.963,138.685,137.492,0.86
2023.05.19,138.704,138.709,137.423,0.93
2023.05.18,137.662,138.745,137.285,1.06
2023.05.17,136.352,137.712,136.303,1.03
2023.05.16,136.101,136.682,135.673,0.74
2023.05.15,135.646,136.324,135.640,0.50
2023.05.12,134.516,135.752,134.401,1.00
2023.05.11,134.332,134.842,133.743,0.82
2023.05.10,135.203,135.469,134.110,1.01
2023.05.09,135.094,135.357,134.721,0.47
2023.05.08,134.794,135.296,134.640,0.49
2023.05.05,134.209,135.121,133.882,0.92
2023.05.04,134.667,134.877,133.498,1.02
2023.05.03,136.499,136.616,134.667,1.43
2023.05.02,137.467,137.772,136.315,1.06
2023.05.01,136.105,137.539,136.105,1.05
2023.04.28,133.967,136.560,133.335,2.41
2023.04.27,133.647,134.197,133.204,0.74
2023.04.26,133.726,133.940,133.013,0.69
2023.04.25,134.223,134.479,133.366,0.83
2023.04.24,133.942,134.729,133.888,0.63
2023.04.21,134.220,134.491,133.548,0.70
2023.04.20,134.675,134.972,134.011,0.71
2023.04.19,134.076,135.133,133.951,0.88
2023.04.18,134.449,134.703,133.860,0.63
2023.04.17,133.803,134.571,133.709,0.64
2023.04.14,132.567,133.835,132.168,1.26
2023.04.13,133.121,133.390,132.016,1.03
2023.04.12,133.677,134.043,132.730,0.98
2023.04.11,133.577,133.805,132.971,0.62
2023.04.10,132.087,133.870,131.829,1.55
2023.04.07,131.741,132.373,131.524,0.64
2023.04.06,131.287,131.903,130.774,0.86
2023.04.05,131.686,131.842,130.611,0.93
2023.04.04,132.439,133.167,131.521,1.24
2023.04.03,133.368,133.755,132.201,1.17
2023.03.31,132.669,133.592,132.574,0.77
2023.03.30,132.838,132.965,132.200,0.58
2023.03.29,130.821,132.889,130.755,1.63
2023.03.28,131.522,131.560,130.405,0.88
2023.03.27,130.539,131.760,130.459,1.00
2023.03.24,130.814,130.939,129.638,0.99
2023.03.23,131.364,131.660,130.317,1.02
2023.03.22,132.495,133.000,131.001,1.51
2023.03.21,131.310,132.631,131.029,1.22
2023.03.20,131.792,132.647,130.538,1.60
2023.03.17,133.698,133.740,131.554,1.64
2023.03.16,133.338,133.824,131.715,1.58
2023.03.15,134.211,135.112,132.212,2.16
2023.03.14,133.171,134.901,133.025,1.41
2023.03.13,134.542,135.047,132.282,2.06
2023.03.10,136.133,136.992,134.111,2.12
2023.03.09,137.302,137.355,135.940,1.03
2023.03.08,137.142,137.910,136.477,1.04
2023.03.07,135.891,137.193,135.537,1.22
2023.03.06,135.971,136.190,135.364,0.61
2023.03.03,136.748,136.768,135.744,0.75
2023.03.02,136.147,137.100,136.020,0.79
2023.03.01,136.196,136.468,135.255,0.89
2023.02.28,136.195,136.917,135.734,0.87
2023.02.27,136.414,136.554,135.914,0.47
2023.02.24,134.645,136.519,134.054,1.83
2023.02.23,134.853,135.364,134.486,0.65
2023.02.22,135.001,135.061,134.363,0.52
2023.02.21,134.222,135.227,134.148,0.80
2023.02.20,134.198,134.538,133.920,0.46
2023.02.17,133.936,135.116,133.920,0.89
2023.02.16,134.120,134.461,133.602,0.64
2023.02.15,133.099,134.357,132.542,1.36
2023.02.14,132.374,133.314,131.499,1.37
2023.02.13,131.238,132.907,131.207,1.30
2023.02.10,131.536,131.885,129.801,1.58
2023.02.09,131.399,131.824,130.339,1.13
2023.02.08,131.002,131.537,130.591,0.72
2023.02.07,132.628,132.706,130.472,1.68
2023.02.06,132.471,132.900,131.508,1.05
2023.02.03,128.678,131.202,128.327,2.23
2023.02.02,128.891,129.133,128.080,0.82
2023.02.01,130.070,130.408,128.537,1.44
2023.01.31,130.405,130.530,129.743,0.60
2023.01.30,129.685,130.567,129.200,1.05
2023.01.27,130.176,130.265,129.496,0.59
2023.01.26,129.565,130.618,129.020,1.23
2023.01.25,130.161,130.581,129.264,1.01
2023.01.24,130.659,131.116,129.723,1.07
2023.01.23,129.459,130.885,129.038,1.43
2023.01.20,128.406,130.611,128.340,1.77
2023.01.19,128.884,128.889,127.757,0.88
2023.01.18,128.119,131.572,127.561,3.13
2023.01.17,128.440,129.155,127.986,0.91
2023.01.16,127.749,128.863,127.218,1.29
2023.01.13,129.270,129.415,127.454,1.52
2023.01.12,132.456,132.472,128.859,2.73
2023.01.11,132.200,132.871,132.054,0.62
2023.01.10,131.860,132.477,131.380,0.83
2023.01.09,131.899,132.653,131.304,1.02
2023.01.06,133.400,134.773,131.993,2.08
2023.01.05,132.611,134.053,131.681,1.79
2023.01.04,130.991,132.715,129.923,2.13
2023.01.03,130.641,131.403,129.507,1.45
2023.01.02,130.925,131.041,130.598,0.34
2022.12.30,133.011,133.090,130.776,1.74
2022.12.29,134.451,134.451,132.878,1.17
2022.12.28,133.479,134.498,133.324,0.88
2022.12.27,132.814,133.592,132.632,0.72
2022.12.26,132.703,133.190,132.305,0.67
2022.12.23,132.303,133.136,132.149,0.75
2022.12.22,132.465,132.721,131.641,0.82
2022.12.21,131.653,132.526,131.491,0.79
2022.12.20,136.902,137.472,130.566,5.04
2022.12.19,135.813,137.159,135.749,1.04
2022.12.16,137.761,137.792,136.293,1.09
2022.12.15,135.449,138.171,135.236,2.17
2022.12.14,135.546,135.987,134.509,1.09
2022.12.13,137.655,137.969,134.650,2.41
2022.12.12,136.464,137.848,136.419,1.05
2022.12.09,136.601,136.909,135.602,0.96
2022.12.08,136.554,137.243,136.241,0.73
2022.12.07,136.872,137.854,136.215,1.20
2022.12.06,136.719,137.426,135.960,1.07
2022.12.05,134.479,136.859,134.127,2.03
2022.12.02,135.257,135.981,133.618,1.75
2022.12.01,138.001,138.107,135.209,2.10
2022.11.30,138.664,139.892,137.648,1.62
2022.11.29,138.856,139.350,137.864,1.07
2022.11.28,139.199,139.418,137.497,1.38
2022.11.25,138.597,139.594,138.369,0.88
2022.11.24,139.587,139.600,138.049,1.11
2022.11.23,141.187,141.610,139.162,1.73
2022.11.22,142.101,142.240,141.082,0.81
2022.11.21,140.267,142.251,140.157,1.49
2022.11.18,140.172,140.498,139.631,0.62
2022.11.17,139.496,140.736,138.874,1.33
2022.11.16,139.237,140.288,138.727,1.12
2022.11.15,139.879,140.624,137.671,2.11
2022.11.14,139.099,140.793,138.794,1.44
2022.11.11,140.956,142.479,138.460,2.85
2022.11.10,146.392,146.588,140.202,4.36
2022.11.09,145.649,146.793,145.167,1.12
2022.11.08,146.569,146.932,145.309,1.11
2022.11.07,147.173,147.568,146.081,1.01
2022.11.04,148.229,148.402,146.553,1.25
2022.11.03,147.874,148.449,147.108,0.91
2022.11.02,148.227,148.380,145.667,1.83
2022.11.01,148.716,148.822,146.986,1.23
2022.10.31,147.752,148.848,147.471,0.93
2022.10.28,146.249,147.860,145.966,1.30
2022.10.27,146.297,146.936,145.105,1.25
2022.10.26,147.889,148.410,146.224,1.48
2022.10.25,148.750,149.098,147.512,1.07
2022.10.24,147.630,149.705,145.394,2.92
2022.10.21,150.109,151.941,146.182,3.84
2022.10.20,149.863,150.285,149.551,0.49
2022.10.19,149.224,149.904,149.098,0.54
2022.10.18,149.029,149.387,148.135,0.84
2022.10.17,148.544,149.089,148.413,0.46
2022.10.14,146.997,148.860,146.996,1.27
2022.10.13,146.899,147.672,146.443,0.84
2022.10.12,145.837,146.968,145.660,0.90
2022.10.11,145.693,145.895,145.424,0.32
2022.10.10,145.309,145.801,145.232,0.39
2022.10.07,145.127,145.439,144.550,0.61
2022.10.06,144.651,145.140,144.381,0.52
2022.10.05,144.120,144.843,143.521,0.92
2022.10.04,144.524,144.931,143.890,0.72
2022.10.03,144.613,145.318,144.152,0.81
2022.09.30,144.402,144.808,144.200,0.42
2022.09.29,144.099,144.810,144.032,0.54
2022.09.28,144.769,144.868,143.906,0.66
2022.09.27,144.749,144.902,144.055,0.59
2022.09.26,143.703,144.784,143.184,1.11
2022.09.23,142.317,143.457,141.759,1.19
2022.09.22,144.065,145.901,140.346,3.86
2022.09.21,143.706,144.700,143.340,0.95
2022.09.20,143.193,143.920,142.930,0.69
2022.09.19,142.876,143.643,142.639,0.70
2022.09.16,143.449,143.689,142.825,0.60
2022.09.15,143.130,143.799,142.792,0.70
2022.09.14,144.508,144.955,142.550,1.66
2022.09.13,142.816,144.682,141.607,2.15
2022.09.12,142.087,143.493,142.085,0.99
2022.09.09,144.072,144.122,141.499,1.82
2022.09.08,143.730,144.555,143.314,0.86
2022.09.07,142.783,144.989,142.704,1.60
2022.09.06,140.556,143.073,140.245,2.01
2022.09.05,140.099,140.659,140.089,0.41
2022.09.02,140.199,140.798,139.866,0.66
2022.09.01,138.935,140.226,138.851,0.99
2022.08.31,138.764,139.002,138.268,0.53
2022.08.30,138.677,139.076,138.050,0.74
2022.08.29,137.641,138.999,137.558,1.05
2022.08.26,136.436,137.755,136.193,1.14
2022.08.25,137.098,137.196,136.317,0.64
2022.08.24,136.740,137.241,136.171,0.78
2022.08.23,137.478,137.705,135.804,1.38
2022.08.22,136.809,137.647,136.697,0.69
2022.08.19,135.883,137.228,135.714,1.11
2022.08.18,135.043,135.900,134.646,0.93
2022.08.17,134.206,135.497,133.903,1.19
2022.08.16,133.292,134.682,132.948,1.30
2022.08.15,133.319,133.594,132.552,0.78
2022.08.12,132.959,133.892,132.876,0.76
2022.08.11,132.868,133.308,131.731,1.19
2022.08.10,135.024,135.300,132.025,2.43
2022.08.09,134.972,135.199,134.664,0.40
2022.08.08,135.015,135.580,134.353,0.91
2022.08.05,132.841,135.499,132.518,2.24
2022.08.04,133.843,134.422,132.760,1.24
2022.08.03,133.154,134.546,132.281,1.70
2022.08.02,131.606,133.177,130.392,2.12
2022.08.01,133.199,133.562,131.598,1.47
2022.07.29,134.248,134.674,132.503,1.62
2022.07.28,136.569,136.580,134.199,1.74
2022.07.27,136.911,137.462,136.318,0.84
2022.07.26,136.601,136.966,136.276,0.51
2022.07.25,136.119,136.788,135.887,0.66
2022.07.22,137.320,137.953,135.565,1.74
2022.07.21,138.270,138.875,137.297,1.14
2022.07.20,138.151,138.373,137.899,0.34
2022.07.19,138.128,138.391,137.380,0.73
2022.07.18,138.499,138.568,137.889,0.49
2022.07.15,138.930,139.126,138.385,0.53
2022.07.14,137.291,139.387,137.276,1.54
2022.07.13,136.853,137.867,136.690,0.86
2022.07.12,137.415,137.532,136.470,0.77
2022.07.11,135.953,137.752,135.871,1.38
2022.07.08,135.965,136.565,135.327,0.91
2022.07.07,135.897,136.219,135.548,0.49
2022.07.06,135.830,136.007,134.949,0.78
2022.07.05,135.661,136.359,135.412,0.70
2022.07.04,135.288,135.772,134.780,0.73
2022.07.01,135.698,135.985,134.740,0.92
2022.06.30,136.578,136.806,135.550,0.92
2022.06.29,136.098,137.002,135.772,0.90
2022.06.28,135.459,136.382,135.108,0.94
2022.06.27,134.974,135.550,134.518,0.76
2022.06.24,134.921,135.398,134.348,0.78
2022.06.23,136.206,136.216,134.263,1.43
2022.06.22,136.576,136.708,135.680,0.75
2022.06.21,135.028,136.706,134.920,1.32
2022.06.20,134.907,135.440,134.531,0.67
2022.06.17,132.147,135.421,132.147,2.48
2022.06.16,133.776,134.675,131.492,2.38
2022.06.15,135.462,135.586,133.506,1.54
2022.06.14,134.388,135.474,133.869,1.19
2022.06.13,134.298,135.196,133.590,1.20
2022.06.10,134.298,134.480,133.362,0.83
2022.06.09,134.208,134.555,133.182,1.02
2022.06.08,132.535,134.475,132.534,1.46
2022.06.07,131.849,132.997,131.844,0.87
2022.06.06,130.892,132.010,130.429,1.21
2022.06.03,129.782,130.980,129.682,1.00
2022.06.02,130.082,130.238,129.510,0.56
2022.06.01,128.592,130.188,128.592,1.24
2022.05.31,127.496,128.888,127.487,1.10
2022.05.30,127.000,127.824,126.858,0.76
2022.05.27,127.062,127.255,126.676,0.46
2022.05.26,127.257,127.580,126.550,0.81
2022.05.25,126.816,127.494,126.651,0.66
2022.05.24,127.890,128.083,126.359,1.35
2022.05.23,127.891,128.057,127.150,0.71
2022.05.20,127.768,128.297,127.527,0.60
2022.05.19,128.203,128.942,127.024,1.50
2022.05.18,129.353,129.536,128.007,1.18
2022.05.17,129.071,129.780,128.826,0.74
2022.05.16,129.190,129.639,128.698,0.73
2022.05.13,128.268,129.452,128.237,0.95
2022.05.12,129.937,130.052,127.517,1.95
2022.05.11,130.416,130.811,129.444,1.05
2022.05.10,130.288,130.575,129.793,0.60
2022.05.09,130.494,131.345,130.111,0.95
2022.05.06,130.163,130.807,130.092,0.55
2022.05.05,129.048,130.557,128.751,1.40
2022.05.04,130.127,130.379,128.619,1.35
2022.05.03,130.151,130.288,129.698,0.45
2022.05.02,129.723,130.476,129.610,0.67
2022.04.29,130.778,130.949,129.314,1.25
2022.04.28,128.404,131.251,128.335,2.27
2022.04.27,127.204,128.591,126.941,1.30
2022.04.26,128.126,128.222,127.024,0.94
2022.04.25,128.426,128.867,127.520,1.05
2022.04.22,128.354,129.107,127.734,1.07
2022.04.21,127.847,128.705,127.801,0.71
2022.04.20,128.873,129.405,127.457,1.51
2022.04.19,126.985,128.973,126.963,1.58
2022.04.18,126.334,126.997,126.239,0.60
2022.04.15,125.856,126.681,125.846,0.66
2022.04.14,125.615,126.014,125.081,0.74
2022.04.13,125.350,126.313,125.325,0.79
2022.04.12,125.346,125.758,124.762,0.79
2022.04.11,124.009,125.770,124.008,1.42
2022.04.08,123.936,124.676,123.663,0.82
2022.04.07,123.755,124.001,123.469,0.43
2022.04.06,123.581,124.050,123.452,0.48
2022.04.05,122.779,123.668,122.370,1.06
2022.04.04,122.569,122.958,122.262,0.57
2022.04.01,121.646,123.033,121.592,1.18
2022.03.31,121.789,122.453,121.281,0.96
2022.03.30,122.850,123.203,121.309,1.54
2022.03.29,123.857,124.301,121.978,1.88
2022.03.28,121.999,125.097,121.983,2.55
2022.03.25,122.329,122.433,121.178,1.03
2022.03.24,121.137,122.407,120.950,1.20
2022.03.23,120.768,121.411,120.591,0.68
2022.03.22,119.449,121.030,119.434,1.34
2022.03.21,119.099,119.499,118.979,0.44
2022.03.18,118.584,119.399,118.469,0.78
2022.03.17,118.711,119.024,118.365,0.56
2022.03.16,118.285,119.122,118.173,0.80
2022.03.15,118.165,118.449,117.695,0.64
2022.03.14,117.317,118.216,117.309,0.77
2022.03.11,116.130,117.355,116.058,1.12
2022.03.10,115.817,116.194,115.812,0.33
2022.03.09,115.615,115.942,115.554,0.34
2022.03.08,115.264,115.789,115.246,0.47
2022.03.07,114.895,115.471,114.820,0.57
2022.03.04,115.449,115.556,114.649,0.79
2022.03.03,115.501,115.806,115.383,0.37
2022.03.02,114.866,115.686,114.791,0.78
2022.03.01,114.953,115.289,114.698,0.51
2022.02.28,115.148,115.765,114.860,0.79
2022.02.25,115.496,115.759,115.145,0.53
2022.02.24,114.979,115.694,114.406,1.12
2022.02.23,115.047,115.199,114.925,0.24
2022.02.22,114.722,115.242,114.498,0.65
2022.02.21,115.022,115.123,114.716,0.35
2022.02.18,114.928,115.296,114.787,0.44
2022.02.17,115.448,115.536,114.843,0.60
2022.02.16,115.583,115.789,115.353,0.38
2022.02.15,115.513,115.873,115.257,0.53
2022.02.14,115.318,115.746,115.010,0.64
2022.02.11,115.973,116.174,115.009,1.00
2022.02.10,115.510,116.337,115.481,0.74
2022.02.09,115.518,115.679,115.320,0.31
2022.02.08,115.057,115.627,115.050,0.50
2022.02.07,115.238,115.376,114.913,0.40
2022.02.04,114.953,115.428,114.773,0.57
2022.02.03,114.441,114.986,114.325,0.58
2022.02.02,114.650,114.802,114.150,0.57
2022.02.01,115.100,115.191,114.566,0.54
2022.01.31,115.258,115.590,114.923,0.58
2022.01.28,115.360,115.685,115.121,0.49
2022.01.27,114.629,115.489,114.474,0.89
2022.01.26,113.852,114.693,113.776,0.81
2022.01.25,113.939,114.155,113.667,0.43
2022.01.24,113.639,113.999,113.466,0.47
2022.01.21,114.071,114.146,113.603,0.48
2022.01.20,114.323,114.546,113.961,0.51
2022.01.19,114.591,114.787,114.205,0.51
2022.01.18,114.600,115.056,114.448,0.53
2022.01.17,114.120,114.649,114.119,0.46
2022.01.14,114.162,114.265,113.480,0.69
2022.01.13,114.618,114.702,113.998,0.61
2022.01.12,115.276,115.471,114.379,0.95
2022.01.11,115.187,115.679,115.124,0.48
2022.01.10,115.569,115.849,115.041,0.70
2022.01.07,115.840,116.046,115.507,0.47
2022.01.06,116.077,116.183,115.624,0.48
2022.01.05,116.128,116.241,115.619,0.54
2022.01.04,115.310,116.352,115.289,0.92
2022.01.03,115.039,115.366,114.946,0.37
